﻿"Время";"Тип нарушения";"Описание";"Степень";
"2017-09-28 01:51:48";"Перерыв";"Превышено непрерывное время вождения (4 ч. 30 мин.)";"Очень значительно";
"2017-09-28 05:57:49";"Период вождения";"Превышено продленное ежедневное время вождения (10 ч.)";"Очень значительно";
"2017-09-30 04:51:55";"Период вождения";"Превышено еженедельное время вождения (56 ч.)";"Очень значительно";
"2017-10-01 15:33:29";"Период вождения";"Превышено двухнедельное время вождения (90 ч.)";"Значительно";
