﻿"Время";"Тип нарушения";"Описание";"Степень";
"2017-11-16 01:41:31";"Перерыв";"Превышено непрерывное время вождения (4 ч. 30 мин.)";"Очень значительно";
"2017-11-16 05:41:31";"Период вождения";"Превышено продленное ежедневное время вождения (10 ч.)";"Очень значительно";
"2017-11-18 03:49:55";"Период вождения";"Превышено еженедельное время вождения (56 ч.)";"Очень значительно";
"2017-11-19 14:01:54";"Период вождения";"Превышено двухнедельное время вождения (90 ч.)";"Значительно";
